filename,group
maksssksksss10.png,visual_scene_001
maksssksksss101.png,visual_scene_001
maksssksksss107.png,visual_scene_001
maksssksksss117.png,visual_scene_001
maksssksksss120.png,visual_scene_001
maksssksksss125.png,visual_scene_001
maksssksksss128.png,visual_scene_001
maksssksksss133.png,visual_scene_001
maksssksksss14.png,visual_scene_001
maksssksksss143.png,visual_scene_001
maksssksksss150.png,visual_scene_001
maksssksksss154.png,visual_scene_001
maksssksksss16.png,visual_scene_001
maksssksksss161.png,visual_scene_001
maksssksksss162.png,visual_scene_001
maksssksksss169.png,visual_scene_001
maksssksksss17.png,visual_scene_001
maksssksksss172.png,visual_scene_001
maksssksksss180.png,visual_scene_001
maksssksksss188.png,visual_scene_001
maksssksksss196.png,visual_scene_001
maksssksksss205.png,visual_scene_001
maksssksksss210.png,visual_scene_001
maksssksksss213.png,visual_scene_001
maksssksksss217.png,visual_scene_001
maksssksksss218.png,visual_scene_001
maksssksksss225.png,visual_scene_001
maksssksksss228.png,visual_scene_001
maksssksksss236.png,visual_scene_001
maksssksksss239.png,visual_scene_001
maksssksksss243.png,visual_scene_001
maksssksksss248.png,visual_scene_001
maksssksksss259.png,visual_scene_001
maksssksksss262.png,visual_scene_001
maksssksksss271.png,visual_scene_001
maksssksksss273.png,visual_scene_001
maksssksksss281.png,visual_scene_001
maksssksksss283.png,visual_scene_001
maksssksksss291.png,visual_scene_001
maksssksksss299.png,visual_scene_001
maksssksksss300.png,visual_scene_001
maksssksksss306.png,visual_scene_001
maksssksksss322.png,visual_scene_001
maksssksksss328.png,visual_scene_001
maksssksksss332.png,visual_scene_001
maksssksksss333.png,visual_scene_001
maksssksksss335.png,visual_scene_001
maksssksksss341.png,visual_scene_001
maksssksksss343.png,visual_scene_001
maksssksksss348.png,visual_scene_001
maksssksksss355.png,visual_scene_001
maksssksksss356.png,visual_scene_001
maksssksksss357.png,visual_scene_001
maksssksksss368.png,visual_scene_001
maksssksksss369.png,visual_scene_001
maksssksksss37.png,visual_scene_001
maksssksksss370.png,visual_scene_001
maksssksksss379.png,visual_scene_001
maksssksksss380.png,visual_scene_001
maksssksksss383.png,visual_scene_001
maksssksksss402.png,visual_scene_001
maksssksksss403.png,visual_scene_001
maksssksksss404.png,visual_scene_001
maksssksksss405.png,visual_scene_001
maksssksksss407.png,visual_scene_001
maksssksksss409.png,visual_scene_001
maksssksksss415.png,visual_scene_001
maksssksksss417.png,visual_scene_001
maksssksksss420.png,visual_scene_001
maksssksksss433.png,visual_scene_001
maksssksksss442.png,visual_scene_001
maksssksksss443.png,visual_scene_001
maksssksksss455.png,visual_scene_001
maksssksksss468.png,visual_scene_001
maksssksksss479.png,visual_scene_001
maksssksksss48.png,visual_scene_001
maksssksksss480.png,visual_scene_001
maksssksksss482.png,visual_scene_001
maksssksksss485.png,visual_scene_001
maksssksksss490.png,visual_scene_001
maksssksksss491.png,visual_scene_001
maksssksksss492.png,visual_scene_001
maksssksksss493.png,visual_scene_001
maksssksksss497.png,visual_scene_001
maksssksksss500.png,visual_scene_001
maksssksksss504.png,visual_scene_001
maksssksksss51.png,visual_scene_001
maksssksksss515.png,visual_scene_001
maksssksksss520.png,visual_scene_001
maksssksksss528.png,visual_scene_001
maksssksksss530.png,visual_scene_001
maksssksksss531.png,visual_scene_001
maksssksksss532.png,visual_scene_001
maksssksksss533.png,visual_scene_001
maksssksksss536.png,visual_scene_001
maksssksksss537.png,visual_scene_001
maksssksksss540.png,visual_scene_001
maksssksksss541.png,visual_scene_001
maksssksksss544.png,visual_scene_001
maksssksksss546.png,visual_scene_001
maksssksksss55.png,visual_scene_001
maksssksksss553.png,visual_scene_001
maksssksksss557.png,visual_scene_001
maksssksksss561.png,visual_scene_001
maksssksksss565.png,visual_scene_001
maksssksksss568.png,visual_scene_001
maksssksksss57.png,visual_scene_001
maksssksksss571.png,visual_scene_001
maksssksksss581.png,visual_scene_001
maksssksksss590.png,visual_scene_001
maksssksksss596.png,visual_scene_001
maksssksksss598.png,visual_scene_001
maksssksksss599.png,visual_scene_001
maksssksksss60.png,visual_scene_001
maksssksksss601.png,visual_scene_001
maksssksksss608.png,visual_scene_001
maksssksksss609.png,visual_scene_001
maksssksksss615.png,visual_scene_001
maksssksksss618.png,visual_scene_001
maksssksksss62.png,visual_scene_001
maksssksksss624.png,visual_scene_001
maksssksksss629.png,visual_scene_001
maksssksksss630.png,visual_scene_001
maksssksksss635.png,visual_scene_001
maksssksksss644.png,visual_scene_001
maksssksksss645.png,visual_scene_001
maksssksksss646.png,visual_scene_001
maksssksksss649.png,visual_scene_001
maksssksksss652.png,visual_scene_001
maksssksksss655.png,visual_scene_001
maksssksksss660.png,visual_scene_001
maksssksksss663.png,visual_scene_001
maksssksksss668.png,visual_scene_001
maksssksksss671.png,visual_scene_001
maksssksksss675.png,visual_scene_001
maksssksksss68.png,visual_scene_001
maksssksksss681.png,visual_scene_001
maksssksksss686.png,visual_scene_001
maksssksksss687.png,visual_scene_001
maksssksksss692.png,visual_scene_001
maksssksksss701.png,visual_scene_001
maksssksksss707.png,visual_scene_001
maksssksksss709.png,visual_scene_001
maksssksksss712.png,visual_scene_001
maksssksksss716.png,visual_scene_001
maksssksksss72.png,visual_scene_001
maksssksksss721.png,visual_scene_001
maksssksksss725.png,visual_scene_001
maksssksksss727.png,visual_scene_001
maksssksksss729.png,visual_scene_001
maksssksksss742.png,visual_scene_001
maksssksksss743.png,visual_scene_001
maksssksksss745.png,visual_scene_001
maksssksksss746.png,visual_scene_001
maksssksksss747.png,visual_scene_001
maksssksksss757.png,visual_scene_001
maksssksksss762.png,visual_scene_001
maksssksksss764.png,visual_scene_001
maksssksksss765.png,visual_scene_001
maksssksksss766.png,visual_scene_001
maksssksksss78.png,visual_scene_001
maksssksksss781.png,visual_scene_001
maksssksksss790.png,visual_scene_001
maksssksksss791.png,visual_scene_001
maksssksksss793.png,visual_scene_001
maksssksksss8.png,visual_scene_001
maksssksksss808.png,visual_scene_001
maksssksksss810.png,visual_scene_001
maksssksksss814.png,visual_scene_001
maksssksksss817.png,visual_scene_001
maksssksksss818.png,visual_scene_001
maksssksksss827.png,visual_scene_001
maksssksksss828.png,visual_scene_001
maksssksksss837.png,visual_scene_001
maksssksksss838.png,visual_scene_001
maksssksksss841.png,visual_scene_001
maksssksksss845.png,visual_scene_001
maksssksksss851.png,visual_scene_001
maksssksksss87.png,visual_scene_001
maksssksksss88.png,visual_scene_001
maksssksksss95.png,visual_scene_001
maksssksksss11.png,visual_scene_002
maksssksksss431.png,visual_scene_002
maksssksksss132.png,visual_scene_003
maksssksksss276.png,visual_scene_003
maksssksksss496.png,visual_scene_003
maksssksksss832.png,visual_scene_003
maksssksksss139.png,visual_scene_004
maksssksksss623.png,visual_scene_004
maksssksksss795.png,visual_scene_004
maksssksksss847.png,visual_scene_004
maksssksksss157.png,visual_scene_005
maksssksksss411.png,visual_scene_005
maksssksksss185.png,visual_scene_006
maksssksksss580.png,visual_scene_006
maksssksksss605.png,visual_scene_006
maksssksksss194.png,visual_scene_007
maksssksksss374.png,visual_scene_007
maksssksksss97.png,visual_scene_007
maksssksksss222.png,visual_scene_008
maksssksksss359.png,visual_scene_008
maksssksksss656.png,visual_scene_008
maksssksksss674.png,visual_scene_008
maksssksksss242.png,visual_scene_009
maksssksksss406.png,visual_scene_009
maksssksksss287.png,visual_scene_010
maksssksksss478.png,visual_scene_010
maksssksksss290.png,visual_scene_011
maksssksksss772.png,visual_scene_011
maksssksksss293.png,visual_scene_012
maksssksksss466.png,visual_scene_012
maksssksksss302.png,visual_scene_013
maksssksksss579.png,visual_scene_013
maksssksksss327.png,visual_scene_014
maksssksksss699.png,visual_scene_014
maksssksksss354.png,visual_scene_015
maksssksksss74.png,visual_scene_015
maksssksksss432.png,visual_scene_016
maksssksksss6.png,visual_scene_016
maksssksksss785.png,visual_scene_016
maksssksksss833.png,visual_scene_016
maksssksksss435.png,visual_scene_017
maksssksksss554.png,visual_scene_017
maksssksksss438.png,visual_scene_018
maksssksksss67.png,visual_scene_018
maksssksksss451.png,visual_scene_019
maksssksksss61.png,visual_scene_019
maksssksksss514.png,visual_scene_020
maksssksksss680.png,visual_scene_020
maksssksksss636.png,visual_scene_021
maksssksksss770.png,visual_scene_021
maksssksksss801.png,visual_scene_021
maksssksksss662.png,visual_scene_022
maksssksksss839.png,visual_scene_022
maksssksksss849.png,visual_scene_022
maksssksksss665.png,visual_scene_023
maksssksksss704.png,visual_scene_023
maksssksksss786.png,visual_scene_024
maksssksksss846.png,visual_scene_024
